{"Validation Accuracy":11.74,"Learning Rate":0.1,"_step":81,"_wandb":{"runtime":101},"Epoch":2,"Train Loss":4.6605571875,"_runtime":101.039769434,"Validation Loss":4.22290078125,"Train Accuracy":6.553,"_timestamp":1.7344138230586305e+09}